{"omtdId":"d08d8edc-320f-4162-852b-439f9d544c09","component":"71345d18-297f-4ac5-b4de-38ef3cacbe75","corpus":{"input":"472a3e95-31c3-43b6-9ade-48edd75db377"},"errors":[{"message":"Illegal access: this web application instance has been stopped already. Could not load [META-INF/services/com.sun.jersey.client.proxy.ViewProxyProvider]. The following stack trace is thrown for debugging purposes as well as to attempt to terminate the thread which caused the illegal access.","timestamp":"2018-05-22T15:11:38Z"}],"personIdentifier":"0931731698996615@openminted.eu","date":{"started":"2018-05-22T14:43:15Z","submitted":"2018-05-22T14:43:15Z"},"status":"FAILED"}