{"omtdId":"6f52608e-b78a-4475-91f6-9b8548a1b3b5","component":"3c8b8494-f494-455d-b381-e9dc8d772e76","corpus":{"input":"52b023bc-91a8-4670-8f5d-c84c54b111e5"},"errors":[{"message":"GET http://snf-1289.ok-kno.grnetcloud.net/api/jobs/05208e436c90849e?key=2dc750fbd6397969920fc12b9cb0bc23 returned a response status of 502 Bad Gateway","timestamp":"2018-07-02T11:30:07Z"}],"personIdentifier":"0931730173666354@openminted.eu","date":{"started":"2018-07-02T11:27:50Z","submitted":"2018-07-02T11:27:50Z"},"status":"FAILED"}