{"name":"operation","schema":"{\r\n  \"$schema\": \"http://json-schema.org/draft-04/schema#\",\r\n  \"id\": \"https://raw.githubusercontent.com/openminted/omtd-registry/develop/omtd-registry-api/src/main/resources/jsonSchema/operation.json\",\r\n  \"extends\": {\r\n    \"$ref\": \"identifiableResource.json\"\r\n  },\r\n  \"allOf\": [\r\n    {\r\n      \"$ref\": \"identifiableResource.json\"\r\n    }\r\n  ],\r\n  \"properties\": {\r\n    \"component\": {\r\n      \"description\": \"The id of the application component that was executed.\",\r\n      \"title\": \"Component ID\",\r\n      \"type\": \"string\"\r\n    },\r\n    \"corpus\": {\r\n      \"properties\": {\r\n        \"input\": {\r\n          \"description\": \"The id of the input corpus.\",\r\n          \"title\": \"Input Corpus ID\",\r\n          \"type\": \"string\"\r\n        },\r\n        \"output\": {\r\n          \"description\": \"The id of the result corpus.\",\r\n          \"title\": \"Output Corpus ID\",\r\n          \"type\": \"string\"\r\n        }\r\n      },\r\n      \"required\": [\r\n        \"input\"\r\n      ],\r\n      \"type\": \"object\"\r\n    },\r\n    \"errors\": {\r\n      \"type\": \"array\",\r\n      \"description\": \"A List of error messages\",\r\n      \"items\": {\r\n        \"type\": \"object\",\r\n        \"description\": \"The Error Object\",\r\n        \"properties\": {\r\n          \"message\": {\r\n            \"description\": \"The error message.\",\r\n            \"title\": \"Error message\",\r\n            \"type\": \"string\"\r\n          },\r\n          \"timestamp\": {\r\n            \"description\": \"The time the error occured.\",\r\n            \"title\": \"Error Date\",\r\n            \"type\": \"string\",\r\n            \"format\": \"date-time\"\r\n          }\r\n        },\r\n        \"required\": [\r\n          \"message\",\r\n          \"timestamp\"\r\n        ]\r\n      }\r\n    },\r\n    \"date\": {\r\n      \"properties\": {\r\n        \"finished\": {\r\n          \"description\": \"When the workflow was finished.\",\r\n          \"title\": \"Finished Date\",\r\n          \"type\": \"string\",\r\n          \"format\": \"date-time\"\r\n        },\r\n        \"started\": {\r\n          \"description\": \"When the workflow was started.\",\r\n          \"title\": \"Started Date\",\r\n          \"type\": \"string\",\r\n          \"format\": \"date-time\"\r\n        },\r\n        \"submitted\": {\r\n          \"description\": \"When the workflow was submitted.\",\r\n          \"title\": \"Submitted Date\",\r\n          \"type\": \"string\",\r\n          \"format\": \"date-time\"\r\n        }\r\n      },\r\n      \"required\": [\r\n        \"submitted\"\r\n      ],\r\n      \"type\": \"object\"\r\n    },\r\n    \"status\": {\r\n      \"description\": \"The status of the operation\",\r\n      \"title\": \"Operation status\",\r\n      \"type\": \"string\"\r\n    },\r\n    \"monitoring\" : {\r\n      \"description\": \"The total runtime of a process\",\r\n      \"title\": \"Monitoring Information\",\r\n      \"type\": \"object\",\r\n      \"properties\": {\r\n        \"cpu_milliseconds\": {\r\n          \"description\": \"The total runtime in milliseconds time * (cpu_cores)\",\r\n          \"title\": \"CPU Milliseconds\",\r\n          \"type\": \"integer\"\r\n        },\r\n        \"cpu_count\": {\r\n          \"description\": \"The total number of CPU cores\",\r\n          \"title\": \"CPU Cores\",\r\n          \"type\": \"integer\"\r\n        },\r\n        \"vm_count\": {\r\n          \"description\": \"The number of VMs used for the process\",\r\n          \"title\": \"VM Count\",\r\n          \"type\": \"integer\"\r\n        },\r\n        \"ram_usage\": {\r\n          \"description\": \"RAM Usage\",\r\n          \"title\": \"RAM Usage\",\r\n          \"type\": \"integer\"\r\n        }\r\n      }\r\n    }\r\n  },\r\n  \"required\": [\r\n    \"component\",\r\n    \"date\",\r\n    \"corpus\",\r\n    \"status\"\r\n  ],\r\n  \"type\": \"object\"\r\n}","schemaUrl":"not_set","payloadType":"json","creationDate":1537234250707,"modificationDate":1537234250707,"indexMapperClass":"eu.openminted.registry.core.index.DefaultIndexMapper","indexFields":[{"name":"personIdentifier","path":"$.personIdentifier","type":"java.lang.String","label":null,"defaultValue":null,"multivalued":false,"primaryKey":false},{"name":"omtdId","path":"$.omtdId","type":"java.lang.String","label":null,"defaultValue":null,"multivalued":false,"primaryKey":true}],"aliasGroup":null}